t,gps,food_ps,kl,species,stage,bosses,sp,ep,M,gems_earned,exps,gold_earned,loot,avg_lvl
0.0,1.06,0.0,1,3,1,0,40.0,22.0,1.0,0,0,0.0,0.0,1.0
1800.0,1249.258,30.919,15,16,15,1,245.589,249.47,2.209,35,3,1934576.012,61651.782,19.0
3600.0,30782.266,654.542,23,25,28,3,963.442,850.0,2.362,75,4,44158778.272,1588551.547,28.0
5400.0,57154.884,1256.036,27,28,35,3,2039.911,2000.0,1.751,84,5,162914760.799,4884055.77,32.0
7200.0,135067.836,3804.618,31,35,42,4,2758.396,2916.326,1.357,101,5,525518837.241,7023237.772,36.0
9000.0,258075.786,4155.408,33,36,44,4,3271.72,3461.538,1.575,102,6,1080888921.251,8414292.499,38.0
10800.0,1008582.401,6549.444,38,42,49,5,4053.347,4240.191,1.537,122,7,3054265415.646,33217638.03,42.81
12600.0,2154054.775,18275.206,42,46,53,5,5825.714,5923.077,1.571,146,8,6699132222.07,75022139.963,44.304
12722.0,2688105.416,24818.449,42,46,55,6,5825.714,3300.0,2.208,161,8,7169194756.298,151639141.259,44.304
